[{"model": "survey.question", "pk": 4, "fields": {"created": "2021-08-07", "author": 1, "title": "Te gustan los animales?", "description": "pregunta general", "ranking": 37}}, {"model": "survey.question", "pk": 5, "fields": {"created": "2021-08-10", "author": 1, "title": "Te gusta las matematicas?", "description": "general", "ranking": -3}}, {"model": "survey.question", "pk": 6, "fields": {"created": "2021-08-10", "author": 1, "title": "Te gusta la musica?", "description": "general", "ranking": 7}}, {"model": "survey.question", "pk": 7, "fields": {"created": "2021-08-10", "author": 1, "title": "Te gusta la miel?", "description": "general", "ranking": -3}}, {"model": "survey.question", "pk": 8, "fields": {"created": "2021-08-10", "author": 1, "title": "Te gusta tu equipo?", "description": "general", "ranking": 7}}, {"model": "survey.question", "pk": 9, "fields": {"created": "2021-08-10", "author": 1, "title": "Te gusta el colegio?", "description": "general", "ranking": -3}}, {"model": "survey.question", "pk": 10, "fields": {"created": "2021-08-10", "author": 1, "title": "Te gustan las peliculas?", "description": "general", "ranking": -3}}, {"model": "survey.question", "pk": 11, "fields": {"created": "2021-08-10", "author": 1, "title": "Te gustan los aniversarios?", "description": "general", "ranking": 37}}, {"model": "survey.question", "pk": 12, "fields": {"created": "2021-08-10", "author": 1, "title": "Te gusta viajar", "description": "general", "ranking": 0}}, {"model": "survey.question", "pk": 13, "fields": {"created": "2021-08-10", "author": 1, "title": "Te gusta ir de viaje?", "description": "general", "ranking": 0}}, {"model": "survey.question", "pk": 14, "fields": {"created": "2021-08-10", "author": 1, "title": "Te gustan los domingos?", "description": "general", "ranking": 37}}, {"model": "survey.question", "pk": 15, "fields": {"created": "2021-08-10", "author": 1, "title": "Haz ido al extranjero?", "description": "general", "ranking": 0}}, {"model": "survey.question", "pk": 16, "fields": {"created": "2021-08-10", "author": 1, "title": "Te gusta tu ciudad?", "description": "general", "ranking": 0}}, {"model": "survey.question", "pk": 17, "fields": {"created": "2021-08-10", "author": 1, "title": "Te gusta tu trabajo?", "description": "general", "ranking": 0}}, {"model": "survey.question", "pk": 18, "fields": {"created": "2021-08-10", "author": 1, "title": "Te gustan las series", "description": "general", "ranking": 0}}, {"model": "survey.question", "pk": 19, "fields": {"created": "2021-08-10", "author": 1, "title": "Te apasiona la musica?", "description": "general", "ranking": 0}}, {"model": "survey.question", "pk": 20, "fields": {"created": "2021-08-10", "author": 1, "title": "Quieres mas tiempo?", "description": "general", "ranking": 0}}, {"model": "survey.question", "pk": 21, "fields": {"created": "2021-08-10", "author": 1, "title": "Te gusta la navidad?", "description": "general", "ranking": 0}}, {"model": "survey.question", "pk": 22, "fields": {"created": "2021-08-10", "author": 1, "title": "Te gusta los vieojuegos?", "description": "general", "ranking": 0}}, {"model": "survey.likeordislike", "pk": 5, "fields": {"user": 1, "like_or_dislike": 1, "question": 4}}, {"model": "survey.likeordislike", "pk": 6, "fields": {"user": 1, "like_or_dislike": 0, "question": 5}}, {"model": "survey.likeordislike", "pk": 7, "fields": {"user": 1, "like_or_dislike": 0, "question": 7}}, {"model": "survey.likeordislike", "pk": 8, "fields": {"user": 1, "like_or_dislike": 0, "question": 8}}, {"model": "survey.likeordislike", "pk": 9, "fields": {"user": 1, "like_or_dislike": 0, "question": 9}}, {"model": "survey.likeordislike", "pk": 10, "fields": {"user": 1, "like_or_dislike": 0, "question": 10}}, {"model": "survey.likeordislike", "pk": 11, "fields": {"user": 1, "like_or_dislike": 1, "question": 11}}, {"model": "survey.likeordislike", "pk": 12, "fields": {"user": 1, "like_or_dislike": 0, "question": 6}}, {"model": "survey.likeordislike", "pk": 13, "fields": {"user": 2, "like_or_dislike": 1, "question": 11}}, {"model": "survey.likeordislike", "pk": 14, "fields": {"user": 2, "like_or_dislike": 1, "question": 14}}, {"model": "survey.likeordislike", "pk": 15, "fields": {"user": 1, "like_or_dislike": 1, "question": 14}}, {"model": "survey.likeordislike", "pk": 16, "fields": {"user": 3, "like_or_dislike": 0, "question": 11}}, {"model": "survey.likeordislike", "pk": 17, "fields": {"user": 3, "like_or_dislike": 0, "question": 14}}, {"model": "survey.likeordislike", "pk": 18, "fields": {"user": 3, "like_or_dislike": 0, "question": 4}}, {"model": "survey.likeordislike", "pk": 19, "fields": {"user": 2, "like_or_dislike": 1, "question": 4}}, {"model": "survey.answer", "pk": 6, "fields": {"question": 4, "author": 1, "value": 3, "comment": ""}}, {"model": "survey.answer", "pk": 7, "fields": {"question": 6, "author": 1, "value": 1, "comment": ""}}, {"model": "survey.answer", "pk": 8, "fields": {"question": 11, "author": 1, "value": 3, "comment": ""}}, {"model": "survey.answer", "pk": 9, "fields": {"question": 8, "author": 1, "value": 5, "comment": ""}}, {"model": "survey.answer", "pk": 10, "fields": {"question": 14, "author": 1, "value": 4, "comment": ""}}, {"model": "survey.answer", "pk": 11, "fields": {"question": 11, "author": 2, "value": 4, "comment": ""}}, {"model": "survey.answer", "pk": 12, "fields": {"question": 14, "author": 2, "value": 3, "comment": ""}}, {"model": "survey.answer", "pk": 13, "fields": {"question": 11, "author": 3, "value": 4, "comment": ""}}, {"model": "survey.answer", "pk": 14, "fields": {"question": 14, "author": 3, "value": 4, "comment": ""}}, {"model": "survey.answer", "pk": 15, "fields": {"question": 4, "author": 3, "value": 4, "comment": ""}}, {"model": "survey.answer", "pk": 16, "fields": {"question": 4, "author": 2, "value": 5, "comment": ""}}]